番号,70,
名前,本居 小鈴,
呼び名,小鈴,
基礎,0,1300
基礎,1,1700
基礎,5,1500
基礎,10,1500
基礎,11,1000
基礎,12,1000
基礎,14,3000
基礎,15,1300
素質,0,1;処女
素質,2,1;女
素質,12,1;生意気
素質,23,1;好奇心
素質,24,1;陽気
素質,25,1;一線越えない
素質,41,1;濡れやすい
素質,50,1;習得早い
素質,100,-1;小柄体型
素質,105,-1;貧乳
素質,144,1;禁断の知識
素質,人間,1
素質,掃除係,1
能力,0,1
能力,11,1
能力,40,1
能力,41,2
能力,43,1
経験,0,5
経験,3,2
経験,10,3
経験,22,3
経験,70,30
経験,71,30
経験,75,30
フラグ,7,170;服装
フラグ,310,100;地位
フラグ,311,226;開始位置
フラグ,420,1;神社来訪率補正
フラグ,来訪時間,540;9時
フラグ,帰宅時間,1020;17時
フラグ,就寝時間,1260;21時
フラグ,起床時間,360;6時
フラグ,よく行く地域,2
フラグ,自宅位置,220;商家町
フラグ,移動節度,1
相性,1,110,;霊夢
相性,11,110,;魔理沙
相性,69,150,;マミゾウ
相性,80,130,;阿求
CSTR,1,店番と蔵書の整理
CSTR,2,商家町
CSTR,10,～判読眼のビブロフィリア～　●種族：人間　●能力