番号,32,;5-2
名前,八坂 神奈子,
呼び名,神奈子,
基礎,0,2000
基礎,1,1800
基礎,5,1500
基礎,6,10000
基礎,7,3900
基礎,10,1500
基礎,11,1000
基礎,12,1000
基礎,13,0
基礎,14,2000
基礎,15,3000
素質,2,1;女
素質,10,1;気丈
素質,13,1;プライド高い
素質,24,1;陽気
素質,26,;目立ちたがり
素質,30,-1;貞操無頓着
素質,31,1;解放
素質,40,-1;痛みに強い
素質,81,-1;両刀
素質,94,;謎の魅力
素質,104,1;Ｂ敏感
素質,105,2;爆乳
素質,121,3
素質,146,
素質,130,1
素質,神霊,1
能力,1,1
能力,11,2
能力,12,1
能力,17,3
能力,42,4
能力,43,3
経験,1,80
経験,10,50
経験,14,70
経験,51,100
フラグ,7,132;服装
フラグ,310,1000;地位
フラグ,311,99;開始位置;EX
フラグ,出現位置,21
フラグ,来訪時間,600;10時
フラグ,帰宅時間,1200;20時
フラグ,就寝時間,120;2時
フラグ,起床時間,600;10時
フラグ,よく行く地域,8
フラグ,移動節度,1
フラグ,427,2;山麓来訪率補正
フラグ,457,732;山麓来訪位置

フラグ,自宅位置,850;守矢神社本殿
相性,1,150;霊夢
相性,31,200;早苗
相性,33,200;諏訪子
CSTR,1,身体測定　夏の月 五日　9時～12時
CSTR,2,寺子屋
CSTR,10,～山坂と湖の権化～　●種族：神霊　●能力：乾を創造する程度の能力