番号,107,
名前,清蘭,
呼び名,清蘭,
基礎,0,2000
基礎,1,1400
基礎,5,1500
基礎,6,10000
基礎,7,1000
基礎,10,1500
基礎,11,1000
基礎,12,1000
基礎,13,0
基礎,14,2000
基礎,15,1800
素質,0,1
素質,2,1
素質,10,-1
素質,11,1
素質,13,1
素質,23,1
素質,30,-1
素質,33,-1
素質,50,1
素質,60,1
素質,80,1
素質,101,1
素質,121,-1
素質,動物耳,2
素質,掃除係,1
能力,0,1
能力,42,2
経験,0,10
経験,22,10
フラグ,7,207;服装
フラグ,310,200;地位
フラグ,311,99;開始位置
フラグ,来訪時間,420;7時
フラグ,帰宅時間,1320;22時
フラグ,就寝時間,1440;24時
フラグ,起床時間,360;6時
フラグ,よく行く地域,10
フラグ,自宅位置,1050
フラグ,424,3;竹林来訪率補正
相性,52,120;鈴仙
相性,108,120;鈴瑚
CSTR,10,～浅葱色のイーグルラヴィ～　●種族：玉兎　●能力：異次元から弾丸を飛ばす程度の能力 
