番号,85,
名前,雲居 一輪,
呼び名,一輪,
基礎,0,2200
基礎,1,1500
基礎,5,1500
基礎,10,1500
基礎,11,1000
基礎,12,1000
基礎,14,3000
基礎,15,1700
素質,0,1;処女
素質,2,1;女
素質,10,1;気丈
素質,23,-1;保守的
素質,25,1;一線越えない
素質,30,1;貞操観念
素質,33,1;恥じらい
素質,40,-1;痛みに強い
素質,50,1;習得早い
素質,62,1;献身的
素質,71,1;中毒しやすい
素質,100,-1;小柄体型
素質,102,1;Ｖ敏感
素質,103,-1;Ａ鈍感
素質,104,-1;Ｂ敏感
素質,105,1;貧乳
素質,掃除係,1
能力,42,2
能力,43,2
経験,22,5
経験,74,30
フラグ,7,185;服装
フラグ,310,500;地位
フラグ,311,116;開始位置
フラグ,来訪時間,600;10時
フラグ,帰宅時間,1080;18時
フラグ,就寝時間,1200;20時
フラグ,起床時間,240;4時
フラグ,よく行く地域,1
フラグ,自宅位置,140;命蓮寺本堂
相性,55,200;白蓮
相性,56,50;神子
;相性,,200;雲山
相性,86,150;ムラサ
相性,87,150;星ちゃん
CSTR,1,お寺の清掃　火曜木曜　7時～12時
CSTR,2,命蓮寺境内
CSTR,10,～守り守られし大輪～　●種族：妖怪（元人間）　●能力：入道を使う程度の能力