番号,52
名前,鈴仙・優曇華院・イナバ
呼び名,鈴仙,
基礎,0,2000
基礎,1,1300
基礎,5,1500
基礎,6,10000
基礎,7,4000
基礎,10,1500
基礎,11,1000
基礎,12,1000
基礎,13,0
基礎,14,2000
基礎,15,1400
素質,2,1
素質,10,-1
素質,20,
素質,33,1
素質,55
素質,61,-1,
素質,71
素質,81,1
素質,102,1
素質,121,-1
素質,143,2
素質,掃除係,1
能力,0,1
能力,10,1
能力,11,1
能力,12,1
能力,15,1
能力,16,1
能力,40,3
能力,42,3
能力,43,2
経験,1,30
経験,10,35
経験,14,10
経験,20,10
経験,22,15
経験,51,50
経験,56,30
フラグ,7,152;服装
フラグ,310,300;地位
フラグ,311,411;開始位置
フラグ,来訪時間,540;9時
フラグ,帰宅時間,1140:19時
フラグ,就寝時間,60:1時
フラグ,起床時間,420:7時
フラグ,よく行く地域,4
フラグ,自宅位置,450:永遠亭
フラグ,移動節度,1
相性,53,150;てゐ
相性,62,120;輝夜
相性,72,200;永琳
相性,75,110;メディスン
相性,107,120;清蘭
相性,108,120;鈴瑚
CSTR,1,調剤　木曜　10時～18時
CSTR,2,永遠亭
CSTR,10,～狂気の月の兎～　●種族：月の兎　●能力：狂気を操る程度の能力