番号,89,
名前,宮古 芳香,
呼び名,芳香,
基礎,0,2700
基礎,1,800
基礎,5,1500
基礎,10,1500
基礎,11,1000
基礎,12,1000
基礎,14,3000
基礎,15,1600
素質,2,1;女
素質,11,1;反抗的
素質,23,-1;保守的
素質,24,1;陽気
素質,27,1
素質,30,-1;貞操無頓着
素質,40,-1;痛みに強い
素質,41,-1;濡れにくい
素質,50,-1;習得遅い
素質,61,2;汚れ無視
素質,80,1;倒錯的
素質,101,-1;C鈍感
素質,102,-1;V鈍感
素質,103,-1;A鈍感
素質,104,-1;B鈍感
素質,105,-1;貧乳
素質,130,1;回復早い
素質,133,1;月光浴
素質,非生物,1
素質,健啖,1
能力,42,1
経験,1,20
経験,2,20
経験,51,10
経験,42,5
経験,53,2
経験,74,20
フラグ,7,189;服装
フラグ,310,300;地位
フラグ,311,121;開始位置
フラグ,来訪時間,1200;20時
フラグ,帰宅時間,240;4時
フラグ,就寝時間,360;6時
フラグ,起床時間,480;8時
フラグ,よく行く地域,1
フラグ,自宅位置,150;墓地
フラグ,移動率補正,-5
フラグ,移動節度,-2
相性,40,80;小傘
相性,90,150;青娥
CSTR,1,メンテナンス　毎月4日　8時～23時
CSTR,2,墓場
CSTR,10,～忠実な死体～　●種族：キョンシー　●能力：何でも喰う程度の能力