番号,67,
名前,上白沢 慧音,
呼び名,慧音,
基礎,0,2000
基礎,1,1200
基礎,5,1500
基礎,10,1500
基礎,11,1000
基礎,12,1000
基礎,14,3000
基礎,15,1500
素質,2,1;女
素質,10,1;気丈
素質,20,1;自制心
素質,23,-1;保守的
素質,25,1;一線越えない
素質,30,1;貞操観念
素質,41,-1;濡れにくい
素質,50,1;習得早い
素質,62,1;献身的
素質,145,1;人気
素質,138,1;不思議な根
素質,105,0;並乳
素質,半白澤,1
素質,掃除係,1
能力,13,1
能力,17,3
能力,41,2
能力,42,3
能力,43,4
経験,1,15
経験,22,20
経験,75,150
フラグ,7,167;服装
フラグ,310,500;地位
フラグ,311,224;開始位置
フラグ,来訪時間,450;7時30分
フラグ,帰宅時間,1200;20時
フラグ,就寝時間,1440;24時
フラグ,起床時間,360;6時
フラグ,よく行く地域,2
フラグ,自宅位置,270;長屋街
フラグ,移動節度,1
相性,61,150;妹紅
相性,80,150;阿求
CSTR,1,寺子屋の授業　平日　8時～14時 
CSTR,2,寺子屋
CSTR,10,～知識と歴史の半獣～　●種族：ワーハクタク　●能力：歴史を食べる（隠す）程度の能力
;創る能力の方は解説で頼んだ