番号,35,;6-1
名前,永江 衣玖,
呼び名,衣玖,
基礎,0,2200
基礎,1,1000
基礎,5,1500
基礎,6,10000
基礎,7,2400
基礎,10,1500
基礎,11,1000
基礎,12,1000
基礎,13,0
基礎,14,2000
基礎,15,1800
素質,2,1
素質,0,1
素質,12,-1
素質,21,
素質,23,-1
素質,25,
素質,30,1
素質,50,1
素質,52,
素質,62,
素質,92,
素質,93,
素質,136,
素質,102,1
素質,103,-1
素質,105,1
素質,掃除係,1
能力,10,1
能力,12,1
能力,42,2
能力,43,2
経験,22,5
フラグ,7,135;服装
フラグ,310,500;地位
フラグ,311,99;開始位置;EX
フラグ,来訪時間,600;10時
フラグ,帰宅時間,1200;20時
フラグ,就寝時間,60;1時
フラグ,起床時間,420;7時
フラグ,よく行く地域,-1
フラグ,自宅位置,890;天界
フラグ,移動節度,1
相性,34,120;天子
CSTR,10,～美しき緋の衣～　●種族：妖怪（竜宮の使い）　●能力：空気を読む程度の能力