番号,31,;5-1
名前,東風谷 早苗,
呼び名,早苗,
基礎,0,2200
基礎,1,1500
基礎,5,1500
基礎,6,10000
基礎,7,2500
基礎,10,1500
基礎,11,1000
基礎,12,1000
基礎,13,0
基礎,14,2000
基礎,15,1200
素質,0,1
素質,2,1
素質,11,1
素質,10,1
素質,13,1
素質,23,1
素質,30,1
素質,31,1
素質,92,
素質,145,
素質,101,1
素質,102,1
素質,121,-1
素質,人間,3
素質,掃除係,1
能力,16,1
能力,17,1
能力,40,1
能力,41,1
能力,42,3
能力,43,1
能力,45,3
経験,22,10
経験,51,10
フラグ,7,131;服装
フラグ,310,700;地位
フラグ,311,99;開始位置;EX
フラグ,出現位置,21
フラグ,来訪時間,660;11時
フラグ,帰宅時間,1260;21時
フラグ,就寝時間,60;1時
フラグ,起床時間,480;8時
フラグ,よく行く地域,8
フラグ,自宅位置,850;守矢神社本殿
フラグ,移動節度,1

フラグ,427,3;山麓来訪率補正
フラグ,457,732;山麓来訪位置

相性,1,120;霊夢
相性,32,200;神奈子
相性,33,150;諏訪子
相性,43,120;華扇
CSTR,1,勧誘活動　火・金　12時～16時
CSTR,2,里の広場
CSTR,10,～祀られる風の人間～　●種族：人間　●能力：奇跡を起こす程度の能力