番号,96,
名前,堀川 雷鼓,
呼び名,雷鼓,
基礎,0,2100
基礎,1,1500
基礎,5,1500
基礎,10,1500
基礎,11,1000
基礎,12,1000
基礎,14,3000
基礎,15,2000
素質,2,1;女
素質,10,1;気丈
素質,23,1;好奇心
素質,24,1;陽気
素質,26,1;目立ちたがり
素質,30,-1;貞操無頓着
素質,31,1;解放
素質,92,1;魅力
素質,105,1;巨乳
素質,130,1;回復早い
素質,136,1;鼓舞
素質,161,1;音楽知識
素質,162,2;絶対音感
能力,15,1
能力,42,4
能力,45,3
能力,53,1
経験,1,50
経験,10,15
経験,14,15
経験,20,50
経験,22,25
経験,53,1
経験,79,30
経験,80,30
フラグ,7,196;服装
フラグ,310,600;地位
フラグ,311,99;開始位置
フラグ,来訪時間,900;15時
フラグ,帰宅時間,1380;23時
フラグ,就寝時間,180;3時
フラグ,起床時間,720;12時
フラグ,よく行く地域,-1
相性,69,120;マミゾウ
相性,94,120;弁々
相性,95,120;八橋
CSTR,1,会話　火曜　20時～21時
CSTR,2,天界
CSTR,10,～夢幻のパーカッショニスト～　●種族：付喪神　●能力：何でもリズムに乗らせる程度の能力