番号,22,;2-4
名前,露娜薩 普利茲姆利巴,
呼び名,露娜薩,
基礎,体力,2000
基礎,気力,1300
基礎,勃起,1500
基礎,精力,10000
基礎,法力,2300
基礎,情緒,1500
基礎,理性,1000
基礎,憤怒,1000
基礎,工作量,0
基礎,深度,2000
基礎,酒気,1600
素質,性別,1
素質,応答,-1;老実
素質,自制心,1
素質,陽気／陰気,-1;陰気
素質,難以越過的底線,1
素質,貞操,1;貞操観念
素質,羞恥心,1;害羞
素質,弄湿難易,1;容易湿
素質,汚臭耐性,-1;汚臭敏感
素質,容易中毒,1
素質,Ｂ感度,1;Ｂ敏感
素質,非生物,2
能力,Ｖ感覚,1
能力,従順,1
能力,技巧,2
能力,奉仕精神,1
能力,戦闘能力,3
能力,音楽技能,5
経験,Ｖ経験,20
経験,百合経験,50
素質,音楽知識,1;楽器知識
素質,音感,2;絶対音感
フラグ,基本服装セット,122;服装
フラグ,地位,500;地位
フラグ,初期位置,340;開始位置;EX
フラグ,来訪時間,570;9.5時
フラグ,帰宅時間,1140;19時
フラグ,就寝時間,120;2時
フラグ,起床時間,540;9時
フラグ,経常去的地方,6
フラグ,自宅位置,330;廃洋館
相性,20,150;莉莉喀
相性,21,150;梅露蘭
;相性,200;蕾拉
CSTR,1,音楽会　每月一次、日曜日　13時～19時
CSTR,2,里の広場
CSTR,10,～骚霊提琴手～　●種族：騒霊　●能力：不用双手操控就能演奏楽器程度的能力