番号,100,
名前,鈴仙二号,
呼び名,鈴仙二号,
基礎,体力,2000
基礎,気力,1200
基礎,勃起,1500
基礎,情緒,1500
基礎,理性,1000
基礎,憤怒,1000
基礎,深度,3000
基礎,酒気,1400
素質,処女,1
素質,性別,1
素質,胆量,-1;胆怯
素質,態度,-1;坦率
素質,応答,-1;老実
素質,Ｖ感度,1;Ｖ敏感
素質,酒耐性,-1;不擅喝酒
素質,動物耳,2;兎耳
能力,従順,1
能力,百合属性,1
能力,戦闘能力,2
能力,教養,1
経験,絶頂経験,1
経験,自慰経験,5
経験,百合経験,5
フラグ,基本服装セット,200;服装
フラグ,地位,300;地位
フラグ,初期位置,99;開始位置
フラグ,来訪時間,600:10時
フラグ,帰宅時間,1140:19時
フラグ,就寝時間,1440:24時
フラグ,起床時間,420:7時
フラグ,経常去的地方,10
フラグ,424,3;竹林来訪率補正
フラグ,自宅位置,1060
フラグ,移動節度,1
相性,52,110;鈴仙
相性,72,120;永琳
相性,98,180;依姫
相性,99,180;豊姫
CSTR,10,   ●種族：月兎
