番号,62
名前,蓬莱山 輝夜,
呼び名,輝夜,
基礎,体力,1900
基礎,気力,1800
基礎,勃起,1500
基礎,精力,10000
基礎,情緒,1500
基礎,理性,1000
基礎,憤怒,1000
基礎,酒気,2000
素質,処女,1
素質,性別,1
素質,応答,1;傲慢
素質,難以越過的底線,1
素質,貞操,1;貞操観念
素質,自己愛,-1;圧抑
素質,性別嗜好,1;討厭男人
素質,小悪魔,1
素質,謎之魅力,1
素質,Ｃ感度,-1;Ｃ鈍感
素質,Ｖ感度,1;Ｖ敏感
素質,胸囲,-1;貧乳
素質,酒耐性,2;酒豪
素質,蓬莱人,1
素質,人間,6
能力,Ｃ感覚,1
能力,百合属性,2
能力,戦闘能力,4
能力,教養,3
経験,絶頂経験,25
経験,自慰経験,5
経験,百合経験,50
経験,異常経験,2
フラグ,基本服装セット,162;服装
フラグ,地位,1000;地位
フラグ,初期位置,414;開始位置
フラグ,大家候補,412
フラグ,住み込み必要信頼度,100
フラグ,来訪時間,720;12時
フラグ,帰宅時間,1320;22時
フラグ,就寝時間,180;3時
フラグ,起床時間,660;11時
フラグ,経常去的地方,4
フラグ,自宅位置,480
フラグ,移動節度,1
相性,52,120;鈴仙
相性,53,120;帝
相性,61,120;妹紅
相性,72,150;永琳
CSTR,1,盆栽の世話　毎日　13時～14時
CSTR,2,永遠亭・庭
CSTR,10,～永遠与須臾的罪人～　●種族：月人　●能力：操縱永遠与須臾程度的能力