番号,119,
名前,小坂菜绪,
呼び名,小坂菜绪,
基礎,体力,2000
基礎,気力,1200
基礎,勃起,1500
基礎,精力,10000
基礎,法力,4000
基礎,情緒,1500
基礎,理性,1000
基礎,憤怒,1000
基礎,工作量,0
基礎,深度,1000
基礎,酒気,1900
素質,処女,1
素質,性別,1
素質,陽気／陰気,1;陽気
素質,難以越過的底線,1
素質,貞操,-1;不在乎貞操
素質,痛覚,-1;不怕痛
素質,擅長用針,1
素質,謎之魅力,1
素質,酒耐性,1;擅于喝酒
素質,人間,3
能力,清掃技能,1
能力,戦闘能力,5
能力,教養,1
フラグ,基本服装セット,101;服装
フラグ,地位,5000;地位
;信仰対象だし別に地位無駄に高くてもいいよね
フラグ,初期位置,15;開始位置
フラグ,神社在住,15
フラグ,来訪時間,840;14時
フラグ,帰宅時間,1080;18時
フラグ,就寝時間,1380;23時
フラグ,起床時間,360;6時
フラグ,自宅位置,40
フラグ,固有指令,1
;フラグ,大家候補,9
フラグ,経常去的地方,0
相性,10,120;萃香
相性,11,200;魔理沙
相性,29,80;文
相性,43,80;華扇
相性,70,120;小鈴
相性,80,120;阿求
CSTR,工作情報,清掃神社　毎朝　6時～8時
CSTR,職場,境内周辺
CSTR,9,神社の居間
CSTR,10,～楽園的巫女～　●種族：人類　●能力：主要是在空中飛行的程度的能力